"","dictionary","means","sd","zeros","rate"
"1","SentiWS",0.0574972021907307,0.141664670452474,666,44.4
"2","Polarity",0.0117526761331256,0.191176056603808,498,33.2
"3","Combined",0.0324671353121706,0.187709077478269,475,31.6666666666667
